comparison,n_subjects,mean_disagreement,max_disagreement,median_disagreement,std_disagreement,n_voxels_high_disagreement,n_voxels_medium_disagreement,n_voxels_any_disagreement,total_voxels
freesurfer741ants243_vs_freesurfer8001ants243,4963,0.003224070882424712,0.8970381021499634,0.0,0.02863372676074505,3407,30193,680455,7221032
freesurfer741ants243_vs_fslanat6071ants243,4963,0.003984441515058279,0.947209358215332,0.0,0.035219185054302216,7643,42035,816169,7221032
freesurfer741ants243_vs_samseg8001ants243,4963,0.004833545070141554,0.9701793193817139,0.0,0.04302682727575302,15754,57970,581766,7221032
freesurfer8001ants243_vs_fslanat6071ants243,4963,0.0039756884798407555,0.9599032998085022,0.0,0.03573673218488693,9227,41022,768304,7221032
freesurfer8001ants243_vs_samseg8001ants243,4963,0.00445463927462697,0.9887164831161499,0.0,0.039786890149116516,11610,53445,551410,7221032
fslanat6071ants243_vs_samseg8001ants243,4963,0.005226823501288891,0.978641927242279,0.0,0.0465628057718277,19373,61585,640861,7221032
